<?xml version='1.0' encoding='UTF-8'?>  
<!DOCTYPE hibernate-configuration PUBLIC  
          "-//Hibernate/Hibernate Configuration DTD 3.0//EN"  
          "http://hibernate.sourceforge.net/hibernate-configuration-3.0.dtd">  
  
<hibernate-configuration>  
  
    <session-factory>  
        <property name="hbm2ddl.auto">create</property>  
        <property name="dialect">org.hibernate.dialect.Oracle9Dialect</property>  
        <property name="connection.url">jdbc:oracle:thin:@172.25.163.114:1521:hyper1</property>  
        <property name="connection.username">system</property>  
        <property name="connection.password">Password123</property>  
	<property name="show_sql">false</property>
<property name="format_sql">false</property>

        <property name="connection.driver_class">oracle.jdbc.driver.OracleDriver</property>  
  
<mapping class="hexa.Student"/>

    </session-factory>  
  
</hibernate-configuration>  
